Entity,Code,Year,TonsPerPerson
Afghanistan,AFG,2000,0.83
Afghanistan,AFG,2001,1.08
Afghanistan,AFG,2002,1.16
Afghanistan,AFG,2003,1.23
Afghanistan,AFG,2004,1.26
Afghanistan,AFG,2005,1.33
Afghanistan,AFG,2006,1.26
Afghanistan,AFG,2007,1.38
Afghanistan,AFG,2008,1.25
Afghanistan,AFG,2009,1.52
Afghanistan,AFG,2010,1.65
Albania,ALB,2000,3.38
Albania,ALB,2001,3.13
Albania,ALB,2002,3.4
Albania,ALB,2003,5.13
Albania,ALB,2004,5.75
Albania,ALB,2005,5.79
Albania,ALB,2006,7.05
Albania,ALB,2007,8.66
Albania,ALB,2008,8.33
Albania,ALB,2009,9.67
Albania,ALB,2010,8.25
Algeria,DZA,2000,2
Algeria,DZA,2001,2.13
Algeria,DZA,2002,2.19
Algeria,DZA,2003,2.33
Algeria,DZA,2004,2.44
Algeria,DZA,2005,2.39
Algeria,DZA,2006,2.37
Algeria,DZA,2007,2.48
Algeria,DZA,2008,2.57
Algeria,DZA,2009,3.24
Algeria,DZA,2010,3.1
Andorra,AND,2000,49.34
Andorra,AND,2001,44.82
Andorra,AND,2002,45.96
Andorra,AND,2003,46.05
Andorra,AND,2004,55.95
Andorra,AND,2005,0
Andorra,AND,2006,0
Andorra,AND,2007,0
Andorra,AND,2008,0
Andorra,AND,2009,0
Andorra,AND,2010,0
Angola,AGO,2000,1.69
Angola,AGO,2001,1.98
Angola,AGO,2002,1.99
Angola,AGO,2003,2.14
Angola,AGO,2004,2.05
Angola,AGO,2005,2.4
Angola,AGO,2006,2.2
Angola,AGO,2007,2.75
Angola,AGO,2008,3.12
Angola,AGO,2009,3.73
Angola,AGO,2010,3.18
Antigua and Barbuda,ATG,2000,27
Antigua and Barbuda,ATG,2001,24.25
Antigua and Barbuda,ATG,2002,25.61
Antigua and Barbuda,ATG,2003,27.47
Antigua and Barbuda,ATG,2004,27.63
Antigua and Barbuda,ATG,2005,29.64
Antigua and Barbuda,ATG,2006,32.95
Antigua and Barbuda,ATG,2007,35.49
Antigua and Barbuda,ATG,2008,26.67
Antigua and Barbuda,ATG,2009,23.58
Antigua and Barbuda,ATG,2010,22.2
Argentina,ARG,2000,13.03
Argentina,ARG,2001,12.46
Argentina,ARG,2002,8.45
Argentina,ARG,2003,9.22
Argentina,ARG,2004,9.79
Argentina,ARG,2005,10.79
Argentina,ARG,2006,10.83
Argentina,ARG,2007,11.85
Argentina,ARG,2008,11.68
Argentina,ARG,2009,10.99
Argentina,ARG,2010,12.06
Armenia,ARM,2000,2.54
Armenia,ARM,2001,2.79
Armenia,ARM,2002,2.96
Armenia,ARM,2003,3.04
Armenia,ARM,2004,3.37
Armenia,ARM,2005,3.63
Armenia,ARM,2006,3.65
Armenia,ARM,2007,4.23
Armenia,ARM,2008,4.67
Armenia,ARM,2009,4.89
Armenia,ARM,2010,4.83
Australia,AUS,2000,32.92
Australia,AUS,2001,32.69
Australia,AUS,2002,32.97
Australia,AUS,2003,36.54
Australia,AUS,2004,36.6
Australia,AUS,2005,37.81
Australia,AUS,2006,33.93
Australia,AUS,2007,41
Australia,AUS,2008,34.93
Australia,AUS,2009,39.39
Australia,AUS,2010,37.36
Australia and New Zealand,,2000,31.1
Australia and New Zealand,,2001,30.95
Australia and New Zealand,,2002,31.47
Australia and New Zealand,,2003,34.47
Australia and New Zealand,,2004,34.9
Australia and New Zealand,,2005,36.09
Australia and New Zealand,,2006,32.51
Australia and New Zealand,,2007,38.55
Australia and New Zealand,,2008,33.23
Australia and New Zealand,,2009,36.36
Australia and New Zealand,,2010,34.74
Austria,AUT,2000,27.73
Austria,AUT,2001,27.23
Austria,AUT,2002,27.98
Austria,AUT,2003,28.87
Austria,AUT,2004,30.47
Austria,AUT,2005,31.04
Austria,AUT,2006,31.28
Austria,AUT,2007,32.69
Austria,AUT,2008,31.64
Austria,AUT,2009,30.77
Austria,AUT,2010,29.81
Azerbaijan,AZE,2000,2.09
Azerbaijan,AZE,2001,2.22
Azerbaijan,AZE,2002,2.61
Azerbaijan,AZE,2003,3.04
Azerbaijan,AZE,2004,3.34
Azerbaijan,AZE,2005,3.25
Azerbaijan,AZE,2006,3.3
Azerbaijan,AZE,2007,3.54
Azerbaijan,AZE,2008,3.78
Azerbaijan,AZE,2009,4.71
Azerbaijan,AZE,2010,4.47
Bahamas,BHS,2000,34.78
Bahamas,BHS,2001,31.6
Bahamas,BHS,2002,30.06
Bahamas,BHS,2003,29.14
Bahamas,BHS,2004,27.87
Bahamas,BHS,2005,29.19
Bahamas,BHS,2006,30.48
Bahamas,BHS,2007,28
Bahamas,BHS,2008,25.82
Bahamas,BHS,2009,24.12
Bahamas,BHS,2010,23.25
Bahrain,BHR,2000,16.81
Bahrain,BHR,2001,16.11
Bahrain,BHR,2002,16.17
Bahrain,BHR,2003,15.59
Bahrain,BHR,2004,15.07
Bahrain,BHR,2005,15.18
Bahrain,BHR,2006,13.91
Bahrain,BHR,2007,13.43
Bahrain,BHR,2008,12.65
Bahrain,BHR,2009,12.43
Bahrain,BHR,2010,12.31
Bangladesh,BGD,2000,1.48
Bangladesh,BGD,2001,1.52
Bangladesh,BGD,2002,1.51
Bangladesh,BGD,2003,1.48
Bangladesh,BGD,2004,1.46
Bangladesh,BGD,2005,1.6
Bangladesh,BGD,2006,1.53
Bangladesh,BGD,2007,1.56
Bangladesh,BGD,2008,1.54
Bangladesh,BGD,2009,1.46
Bangladesh,BGD,2010,1.49
Barbados,BRB,2000,20.67
Barbados,BRB,2001,17.54
Barbados,BRB,2002,17.41
Barbados,BRB,2003,16.78
Barbados,BRB,2004,17.01
Barbados,BRB,2005,20.38
Barbados,BRB,2006,21.22
Barbados,BRB,2007,16.32
Barbados,BRB,2008,17.85
Barbados,BRB,2009,16.8
Barbados,BRB,2010,13
Belarus,BLR,2000,0.06
Belarus,BLR,2001,0.03
Belarus,BLR,2002,0.04
Belarus,BLR,2003,0.04
Belarus,BLR,2004,0.05
Belarus,BLR,2005,0.04
Belarus,BLR,2006,0.06
Belarus,BLR,2007,0.07
Belarus,BLR,2008,0.05
Belarus,BLR,2009,0.05
Belarus,BLR,2010,0.05
Belgium,BEL,2000,20.16
Belgium,BEL,2001,18.86
Belgium,BEL,2002,19.15
Belgium,BEL,2003,19.62
Belgium,BEL,2004,20.25
Belgium,BEL,2005,20.72
Belgium,BEL,2006,20.62
Belgium,BEL,2007,21.4
Belgium,BEL,2008,21.73
Belgium,BEL,2009,20.54
Belgium,BEL,2010,19.27
Belize,BLZ,2000,10.26
Belize,BLZ,2001,10.58
Belize,BLZ,2002,10.13
Belize,BLZ,2003,10.78
Belize,BLZ,2004,10.53
Belize,BLZ,2005,10.2
Belize,BLZ,2006,10.65
Belize,BLZ,2007,11.49
Belize,BLZ,2008,9.51
Belize,BLZ,2009,9.56
Belize,BLZ,2010,9.1
Benin,BEN,2000,2.31
Benin,BEN,2001,2.05
Benin,BEN,2002,1.89
Benin,BEN,2003,2.04
Benin,BEN,2004,1.98
Benin,BEN,2005,2.43
Benin,BEN,2006,3.43
Benin,BEN,2007,3.74
Benin,BEN,2008,3.62
Benin,BEN,2009,3.81
Benin,BEN,2010,3.57
Bhutan,BTN,2000,5.73
Bhutan,BTN,2001,6.61
Bhutan,BTN,2002,7.08
Bhutan,BTN,2003,7.52
Bhutan,BTN,2004,7.97
Bhutan,BTN,2005,7.59
Bhutan,BTN,2006,7.79
Bhutan,BTN,2007,8.99
Bhutan,BTN,2008,7.69
Bhutan,BTN,2009,8.46
Bhutan,BTN,2010,9.69
Bolivia,BOL,2000,4.45
Bolivia,BOL,2001,4.16
Bolivia,BOL,2002,4.38
Bolivia,BOL,2003,4.28
Bolivia,BOL,2004,3.98
Bolivia,BOL,2005,4.03
Bolivia,BOL,2006,4.12
Bolivia,BOL,2007,4.28
Bolivia,BOL,2008,4.46
Bolivia,BOL,2009,4.9
Bolivia,BOL,2010,4.56
Bosnia and Herzegovina,BIH,2000,5.41
Bosnia and Herzegovina,BIH,2001,6.64
Bosnia and Herzegovina,BIH,2002,7.62
Bosnia and Herzegovina,BIH,2003,7.28
Bosnia and Herzegovina,BIH,2004,7.67
Bosnia and Herzegovina,BIH,2005,7.57
Bosnia and Herzegovina,BIH,2006,8.15
Bosnia and Herzegovina,BIH,2007,8.11
Bosnia and Herzegovina,BIH,2008,8.48
Bosnia and Herzegovina,BIH,2009,8.22
Bosnia and Herzegovina,BIH,2010,7.52
Botswana,BWA,2000,14.02
Botswana,BWA,2001,13.4
Botswana,BWA,2002,13.41
Botswana,BWA,2003,14.81
Botswana,BWA,2004,14.92
Botswana,BWA,2005,15.19
Botswana,BWA,2006,14.44
Botswana,BWA,2007,14.72
Botswana,BWA,2008,15.18
Botswana,BWA,2009,15.99
Botswana,BWA,2010,17.43
Brazil,BRA,2000,8.82
Brazil,BRA,2001,8.52
Brazil,BRA,2002,8.38
Brazil,BRA,2003,8.27
Brazil,BRA,2004,8.37
Brazil,BRA,2005,9.1
Brazil,BRA,2006,9.63
Brazil,BRA,2007,10.47
Brazil,BRA,2008,11.39
Brazil,BRA,2009,11.87
Brazil,BRA,2010,12.98
Brunei,BRN,2000,18.55
Brunei,BRN,2001,15.02
Brunei,BRN,2002,13.98
Brunei,BRN,2003,13.8
Brunei,BRN,2004,14.29
Brunei,BRN,2005,14.12
Brunei,BRN,2006,14.24
Brunei,BRN,2007,16.78
Brunei,BRN,2008,15.32
Brunei,BRN,2009,19.86
Brunei,BRN,2010,16.49
Bulgaria,BGR,2000,4.22
Bulgaria,BGR,2001,5.08
Bulgaria,BGR,2002,5.42
Bulgaria,BGR,2003,6.58
Bulgaria,BGR,2004,8.22
Bulgaria,BGR,2005,9.16
Bulgaria,BGR,2006,10.6
Bulgaria,BGR,2007,11.66
Bulgaria,BGR,2008,12.38
Bulgaria,BGR,2009,11.19
Bulgaria,BGR,2010,10.37
Burkina Faso,BFA,2000,1.78
Burkina Faso,BFA,2001,1.95
Burkina Faso,BFA,2002,1.88
Burkina Faso,BFA,2003,2.22
Burkina Faso,BFA,2004,2.29
Burkina Faso,BFA,2005,2.52
Burkina Faso,BFA,2006,2.68
Burkina Faso,BFA,2007,2.69
Burkina Faso,BFA,2008,2.8
Burkina Faso,BFA,2009,2.87
Burkina Faso,BFA,2010,3.08
Burundi,BDI,2000,1.5
Burundi,BDI,2001,1.74
Burundi,BDI,2002,1.77
Burundi,BDI,2003,1.81
Burundi,BDI,2004,1.81
Burundi,BDI,2005,1.86
Burundi,BDI,2006,1.85
Burundi,BDI,2007,1.76
Burundi,BDI,2008,1.6
Burundi,BDI,2009,1.76
Burundi,BDI,2010,1.67
Cambodia,KHM,2000,1.55
Cambodia,KHM,2001,1.35
Cambodia,KHM,2002,1.3
Cambodia,KHM,2003,1.43
Cambodia,KHM,2004,1.39
Cambodia,KHM,2005,1.55
Cambodia,KHM,2006,1.69
Cambodia,KHM,2007,1.84
Cambodia,KHM,2008,1.93
Cambodia,KHM,2009,2.46
Cambodia,KHM,2010,3.66
Cameroon,CMR,2000,1.6
Cameroon,CMR,2001,1.64
Cameroon,CMR,2002,1.61
Cameroon,CMR,2003,1.63
Cameroon,CMR,2004,1.68
Cameroon,CMR,2005,1.69
Cameroon,CMR,2006,1.6
Cameroon,CMR,2007,1.62
Cameroon,CMR,2008,1.61
Cameroon,CMR,2009,1.9
Cameroon,CMR,2010,1.83
Canada,CAN,2000,26.91
Canada,CAN,2001,25.75
Canada,CAN,2002,25.64
Canada,CAN,2003,27.29
Canada,CAN,2004,27.26
Canada,CAN,2005,28
Canada,CAN,2006,28.64
Canada,CAN,2007,28.65
Canada,CAN,2008,28.02
Canada,CAN,2009,27.67
Canada,CAN,2010,28.37
Cape Verde,CPV,2000,4.53
Cape Verde,CPV,2001,3.98
Cape Verde,CPV,2002,4.46
Cape Verde,CPV,2003,4.51
Cape Verde,CPV,2004,4.84
Cape Verde,CPV,2005,5
Cape Verde,CPV,2006,5.83
Cape Verde,CPV,2007,7
Cape Verde,CPV,2008,5.8
Cape Verde,CPV,2009,6.2
Cape Verde,CPV,2010,5.88
Caribbean,,2000,6.18
Caribbean,,2001,6.08
Caribbean,,2002,6.09
Caribbean,,2003,5.56
Caribbean,,2004,5.46
Caribbean,,2005,5.44
Caribbean,,2006,5.69
Caribbean,,2007,5.88
Caribbean,,2008,5.8
Caribbean,,2009,5.1
Caribbean,,2010,5.09
Central African Republic,CAF,2000,1.84
Central African Republic,CAF,2001,1.94
Central African Republic,CAF,2002,2.01
Central African Republic,CAF,2003,1.98
Central African Republic,CAF,2004,2.2
Central African Republic,CAF,2005,2.29
Central African Republic,CAF,2006,2.29
Central African Republic,CAF,2007,2.47
Central African Republic,CAF,2008,2.5
Central African Republic,CAF,2009,2.7
Central African Republic,CAF,2010,2.59
Central America,,2000,7.68
Central America,,2001,7.64
Central America,,2002,7.55
Central America,,2003,7.82
Central America,,2004,7.67
Central America,,2005,7.8
Central America,,2006,7.89
Central America,,2007,7.83
Central America,,2008,7.6
Central America,,2009,7.22
Central America,,2010,7.34
Central Asia,,2000,6.87
Central Asia,,2001,7.42
Central Asia,,2002,7.4
Central Asia,,2003,7.84
Central Asia,,2004,8.17
Central Asia,,2005,8.31
Central Asia,,2006,8.97
Central Asia,,2007,9.8
Central Asia,,2008,9.15
Central Asia,,2009,9.85
Central Asia,,2010,9.52
Central and Southern Asia,,2000,2.77
Central and Southern Asia,,2001,2.87
Central and Southern Asia,,2002,2.85
Central and Southern Asia,,2003,2.95
Central and Southern Asia,,2004,3.06
Central and Southern Asia,,2005,3.22
Central and Southern Asia,,2006,3.39
Central and Southern Asia,,2007,3.69
Central and Southern Asia,,2008,3.65
Central and Southern Asia,,2009,3.83
Central and Southern Asia,,2010,3.88
Chad,TCD,2000,1.56
Chad,TCD,2001,1.73
Chad,TCD,2002,1.78
Chad,TCD,2003,1.79
Chad,TCD,2004,1.53
Chad,TCD,2005,1.51
Chad,TCD,2006,1.54
Chad,TCD,2007,1.66
Chad,TCD,2008,1.67
Chad,TCD,2009,1.92
Chad,TCD,2010,1.88
Chile,CHL,2000,16.49
Chile,CHL,2001,17.48
Chile,CHL,2002,17.55
Chile,CHL,2003,17.75
Chile,CHL,2004,16.52
Chile,CHL,2005,17.19
Chile,CHL,2006,16.46
Chile,CHL,2007,15.86
Chile,CHL,2008,16.07
Chile,CHL,2009,16.23
Chile,CHL,2010,17.4
China,CHN,2000,5.81
China,CHN,2001,6.44
China,CHN,2002,6.71
China,CHN,2003,7.61
China,CHN,2004,8.29
China,CHN,2005,8.63
China,CHN,2006,9.72
China,CHN,2007,10.59
China,CHN,2008,11.45
China,CHN,2009,13.62
China,CHN,2010,14.76
Colombia,COL,2000,6.4
Colombia,COL,2001,5.62
Colombia,COL,2002,5.56
Colombia,COL,2003,6.28
Colombia,COL,2004,6.63
Colombia,COL,2005,7.13
Colombia,COL,2006,7.59
Colombia,COL,2007,7.97
Colombia,COL,2008,8.14
Colombia,COL,2009,8.15
Colombia,COL,2010,7.87
Congo,COG,2000,1.75
Congo,COG,2001,1.82
Congo,COG,2002,2.03
Congo,COG,2003,2.13
Congo,COG,2004,2.22
Congo,COG,2005,2.21
Congo,COG,2006,2.27
Congo,COG,2007,2.59
Congo,COG,2008,2.62
Congo,COG,2009,2.79
Congo,COG,2010,2.68
Costa Rica,CRI,2000,6.75
Costa Rica,CRI,2001,6.35
Costa Rica,CRI,2002,6.23
Costa Rica,CRI,2003,5.89
Costa Rica,CRI,2004,5.98
Costa Rica,CRI,2005,6.4
Costa Rica,CRI,2006,6.43
Costa Rica,CRI,2007,6.9
Costa Rica,CRI,2008,6.98
Costa Rica,CRI,2009,5.78
Costa Rica,CRI,2010,5.8
Cote d'Ivoire,CIV,2000,1.32
Cote d'Ivoire,CIV,2001,1.23
Cote d'Ivoire,CIV,2002,1.22
Cote d'Ivoire,CIV,2003,1.27
Cote d'Ivoire,CIV,2004,1.17
Cote d'Ivoire,CIV,2005,1.17
Cote d'Ivoire,CIV,2006,1.12
Cote d'Ivoire,CIV,2007,1.09
Cote d'Ivoire,CIV,2008,1.03
Cote d'Ivoire,CIV,2009,1.04
Cote d'Ivoire,CIV,2010,1.01
Croatia,HRV,2000,10.29
Croatia,HRV,2001,11.67
Croatia,HRV,2002,12.77
Croatia,HRV,2003,13.75
Croatia,HRV,2004,15.13
Croatia,HRV,2005,15.26
Croatia,HRV,2006,16.09
Croatia,HRV,2007,16.19
Croatia,HRV,2008,17.34
Croatia,HRV,2009,15.2
Croatia,HRV,2010,12.97
Cuba,CUB,2000,8.47
Cuba,CUB,2001,8.48
Cuba,CUB,2002,8.52
Cuba,CUB,2003,7.68
Cuba,CUB,2004,7.6
Cuba,CUB,2005,6.76
Cuba,CUB,2006,7
Cuba,CUB,2007,7.71
Cuba,CUB,2008,7.86
Cuba,CUB,2009,7.34
Cuba,CUB,2010,7.21
Cyprus,CYP,2000,25.63
Cyprus,CYP,2001,24.01
Cyprus,CYP,2002,25.37
Cyprus,CYP,2003,24.37
Cyprus,CYP,2004,24.79
Cyprus,CYP,2005,25.1
Cyprus,CYP,2006,24.89
Cyprus,CYP,2007,27.2
Cyprus,CYP,2008,27.86
Cyprus,CYP,2009,23.59
Cyprus,CYP,2010,24.1
Czech Republic,CZE,2000,16.89
Czech Republic,CZE,2001,17.62
Czech Republic,CZE,2002,18.96
Czech Republic,CZE,2003,19.47
Czech Republic,CZE,2004,20.28
Czech Republic,CZE,2005,20.82
Czech Republic,CZE,2006,20.63
Czech Republic,CZE,2007,21.74
Czech Republic,CZE,2008,22.46
Czech Republic,CZE,2009,21.84
Czech Republic,CZE,2010,21.15
Democratic Republic of Congo,COD,2000,1.77
Democratic Republic of Congo,COD,2001,1.73
Democratic Republic of Congo,COD,2002,1.66
Democratic Republic of Congo,COD,2003,1.67
Democratic Republic of Congo,COD,2004,1.71
Democratic Republic of Congo,COD,2005,1.74
Democratic Republic of Congo,COD,2006,1.72
Democratic Republic of Congo,COD,2007,1.7
Democratic Republic of Congo,COD,2008,1.73
Democratic Republic of Congo,COD,2009,1.83
Democratic Republic of Congo,COD,2010,1.81
Denmark,DNK,2000,22.84
Denmark,DNK,2001,21.76
Denmark,DNK,2002,22.67
Denmark,DNK,2003,22.94
Denmark,DNK,2004,23.91
Denmark,DNK,2005,24.94
Denmark,DNK,2006,26.12
Denmark,DNK,2007,28.15
Denmark,DNK,2008,27.02
Denmark,DNK,2009,25.27
Denmark,DNK,2010,23.87
Djibouti,DJI,2000,3.41
Djibouti,DJI,2001,3.06
Djibouti,DJI,2002,3.27
Djibouti,DJI,2003,3.34
Djibouti,DJI,2004,3.22
Djibouti,DJI,2005,3.4
Djibouti,DJI,2006,3.73
Djibouti,DJI,2007,3.91
Djibouti,DJI,2008,3.22
Djibouti,DJI,2009,3.3
Djibouti,DJI,2010,3.26
Dominican Republic,DOM,2000,5.41
Dominican Republic,DOM,2001,5.31
Dominican Republic,DOM,2002,5.27
Dominican Republic,DOM,2003,4.43
Dominican Republic,DOM,2004,4.18
Dominican Republic,DOM,2005,4.68
Dominican Republic,DOM,2006,4.94
Dominican Republic,DOM,2007,5.12
Dominican Republic,DOM,2008,4.98
Dominican Republic,DOM,2009,4.11
Dominican Republic,DOM,2010,4.42
Eastern Africa,,2000,1.39
Eastern Africa,,2001,1.39
Eastern Africa,,2002,1.4
Eastern Africa,,2003,1.43
Eastern Africa,,2004,1.44
Eastern Africa,,2005,1.5
Eastern Africa,,2006,1.53
Eastern Africa,,2007,1.51
Eastern Africa,,2008,1.46
Eastern Africa,,2009,1.55
Eastern Africa,,2010,1.55
Eastern Asia,,2000,8.26
Eastern Asia,,2001,8.67
Eastern Asia,,2002,8.8
Eastern Asia,,2003,9.67
Eastern Asia,,2004,10.38
Eastern Asia,,2005,10.67
Eastern Asia,,2006,11.64
Eastern Asia,,2007,12.31
Eastern Asia,,2008,13.03
Eastern Asia,,2009,14.16
Eastern Asia,,2010,15.71
Eastern Europe,,2000,6.92
Eastern Europe,,2001,7.65
Eastern Europe,,2002,7.78
Eastern Europe,,2003,8.18
Eastern Europe,,2004,8.98
Eastern Europe,,2005,9.52
Eastern Europe,,2006,10.04
Eastern Europe,,2007,11.34
Eastern Europe,,2008,11.2
Eastern Europe,,2009,10.08
Eastern Europe,,2010,10.19
Eastern and South-Eastern Asia,,2000,7.24
Eastern and South-Eastern Asia,,2001,7.47
Eastern and South-Eastern Asia,,2002,7.64
Eastern and South-Eastern Asia,,2003,8.37
Eastern and South-Eastern Asia,,2004,8.92
Eastern and South-Eastern Asia,,2005,9.2
Eastern and South-Eastern Asia,,2006,9.96
Eastern and South-Eastern Asia,,2007,10.47
Eastern and South-Eastern Asia,,2008,11.04
Eastern and South-Eastern Asia,,2009,11.91
Eastern and South-Eastern Asia,,2010,13.14
Ecuador,ECU,2000,6.4
Ecuador,ECU,2001,7.03
Ecuador,ECU,2002,7.22
Ecuador,ECU,2003,7.24
Ecuador,ECU,2004,7.6
Ecuador,ECU,2005,7.69
Ecuador,ECU,2006,7.85
Ecuador,ECU,2007,8.11
Ecuador,ECU,2008,8.92
Ecuador,ECU,2009,9.21
Ecuador,ECU,2010,8.91
Egypt,EGY,2000,5.17
Egypt,EGY,2001,5.08
Egypt,EGY,2002,5.02
Egypt,EGY,2003,4.14
Egypt,EGY,2004,4.18
Egypt,EGY,2005,4.89
Egypt,EGY,2006,5.24
Egypt,EGY,2007,5.66
Egypt,EGY,2008,5.91
Egypt,EGY,2009,6.49
Egypt,EGY,2010,6.21
El Salvador,SLV,2000,5.28
El Salvador,SLV,2001,5.06
El Salvador,SLV,2002,5.02
El Salvador,SLV,2003,5.09
El Salvador,SLV,2004,4.82
El Salvador,SLV,2005,4.82
El Salvador,SLV,2006,5.06
El Salvador,SLV,2007,5.23
El Salvador,SLV,2008,5.11
El Salvador,SLV,2009,5.04
El Salvador,SLV,2010,5.04
Eritrea,ERI,2000,1.16
Eritrea,ERI,2001,1.26
Eritrea,ERI,2002,1
Eritrea,ERI,2003,0.97
Eritrea,ERI,2004,0.91
Eritrea,ERI,2005,1.02
Eritrea,ERI,2006,0.96
Eritrea,ERI,2007,0.99
Eritrea,ERI,2008,0.64
Eritrea,ERI,2009,0.58
Eritrea,ERI,2010,0.57
Estonia,EST,2000,12.47
Estonia,EST,2001,12.45
Estonia,EST,2002,14.07
Estonia,EST,2003,17.6
Estonia,EST,2004,18.21
Estonia,EST,2005,19.63
Estonia,EST,2006,21.21
Estonia,EST,2007,24.68
Estonia,EST,2008,22.55
Estonia,EST,2009,19.81
Estonia,EST,2010,18.61
Ethiopia,ETH,2000,0.01
Ethiopia,ETH,2001,0.02
Ethiopia,ETH,2002,0.02
Ethiopia,ETH,2003,0.02
Ethiopia,ETH,2004,0.02
Ethiopia,ETH,2005,0.02
Ethiopia,ETH,2006,0.03
Ethiopia,ETH,2007,0.03
Ethiopia,ETH,2008,0.03
Ethiopia,ETH,2009,0.03
Ethiopia,ETH,2010,0.03
Europe and Northern America,,2000,20.23
Europe and Northern America,,2001,20.35
Europe and Northern America,,2002,20.67
Europe and Northern America,,2003,21.06
Europe and Northern America,,2004,21.99
Europe and Northern America,,2005,22.84
Europe and Northern America,,2006,23.07
Europe and Northern America,,2007,23.6
Europe and Northern America,,2008,22.56
Europe and Northern America,,2009,20.2
Europe and Northern America,,2010,20.13
Fiji,FJI,2000,5.3
Fiji,FJI,2001,5.26
Fiji,FJI,2002,5.19
Fiji,FJI,2003,6.07
Fiji,FJI,2004,7.14
Fiji,FJI,2005,7.05
Fiji,FJI,2006,7.75
Fiji,FJI,2007,7.3
Fiji,FJI,2008,6.33
Fiji,FJI,2009,5.74
Fiji,FJI,2010,5.69
Finland,FIN,2000,36.77
Finland,FIN,2001,35.99
Finland,FIN,2002,36.75
Finland,FIN,2003,38.58
Finland,FIN,2004,39.35
Finland,FIN,2005,39.06
Finland,FIN,2006,39.2
Finland,FIN,2007,40.84
Finland,FIN,2008,38.59
Finland,FIN,2009,35.76
Finland,FIN,2010,34.43
France,FRA,2000,21.94
France,FRA,2001,21.16
France,FRA,2002,21.65
France,FRA,2003,22.03
France,FRA,2004,22.6
France,FRA,2005,22.78
France,FRA,2006,22.49
France,FRA,2007,23
France,FRA,2008,22.73
France,FRA,2009,22.02
France,FRA,2010,20.59
Gabon,GAB,2000,4.92
Gabon,GAB,2001,4.64
Gabon,GAB,2002,4.72
Gabon,GAB,2003,5.17
Gabon,GAB,2004,4.82
Gabon,GAB,2005,4.61
Gabon,GAB,2006,5.22
Gabon,GAB,2007,5.19
Gabon,GAB,2008,4.66
Gabon,GAB,2009,4.77
Gabon,GAB,2010,4.14
Gambia,GMB,2000,2.64
Gambia,GMB,2001,2.21
Gambia,GMB,2002,2.63
Gambia,GMB,2003,3.08
Gambia,GMB,2004,3.17
Gambia,GMB,2005,3.13
Gambia,GMB,2006,3.04
Gambia,GMB,2007,2.68
Gambia,GMB,2008,2.49
Gambia,GMB,2009,2.51
Gambia,GMB,2010,2.52
Georgia,GEO,2000,3.16
Georgia,GEO,2001,3.42
Georgia,GEO,2002,3.68
Georgia,GEO,2003,4.14
Georgia,GEO,2004,4.67
Georgia,GEO,2005,5.1
Georgia,GEO,2006,5.49
Georgia,GEO,2007,6.41
Georgia,GEO,2008,6.7
Georgia,GEO,2009,6.63
Georgia,GEO,2010,6.76
Germany,DEU,2000,22.5
Germany,DEU,2001,21.36
Germany,DEU,2002,20.88
Germany,DEU,2003,21.41
Germany,DEU,2004,22.11
Germany,DEU,2005,21.95
Germany,DEU,2006,21.75
Germany,DEU,2007,22.45
Germany,DEU,2008,22.32
Germany,DEU,2009,21.96
Germany,DEU,2010,21.1
Ghana,GHA,2000,2.14
Ghana,GHA,2001,2.25
Ghana,GHA,2002,2.36
Ghana,GHA,2003,2.69
Ghana,GHA,2004,2.58
Ghana,GHA,2005,2.96
Ghana,GHA,2006,3.1
Ghana,GHA,2007,3.15
Ghana,GHA,2008,3.1
Ghana,GHA,2009,2.92
Ghana,GHA,2010,3.28
Greece,GRC,2000,29.18
Greece,GRC,2001,29.38
Greece,GRC,2002,29.84
Greece,GRC,2003,32.61
Greece,GRC,2004,32.35
Greece,GRC,2005,32.57
Greece,GRC,2006,32.32
Greece,GRC,2007,36.06
Greece,GRC,2008,35.65
Greece,GRC,2009,32.7
Greece,GRC,2010,28.43
Guatemala,GTM,2000,3.33
Guatemala,GTM,2001,3.48
Guatemala,GTM,2002,3.42
Guatemala,GTM,2003,3.67
Guatemala,GTM,2004,3.57
Guatemala,GTM,2005,3.78
Guatemala,GTM,2006,3.76
Guatemala,GTM,2007,3.83
Guatemala,GTM,2008,3.66
Guatemala,GTM,2009,3.51
Guatemala,GTM,2010,3.44
Guinea,GIN,2000,2.29
Guinea,GIN,2001,2.22
Guinea,GIN,2002,2.32
Guinea,GIN,2003,2.52
Guinea,GIN,2004,2.38
Guinea,GIN,2005,2.08
Guinea,GIN,2006,1.94
Guinea,GIN,2007,2.17
Guinea,GIN,2008,2.18
Guinea,GIN,2009,2.12
Guinea,GIN,2010,2
Guyana,GUY,2000,136.69
Guyana,GUY,2001,100.15
Guyana,GUY,2002,104.42
Guyana,GUY,2003,89.55
Guyana,GUY,2004,84.69
Guyana,GUY,2005,97.11
Guyana,GUY,2006,90.59
Guyana,GUY,2007,99.87
Guyana,GUY,2008,100.26
Guyana,GUY,2009,94.88
Guyana,GUY,2010,107.25
Haiti,HTI,2000,1.12
Haiti,HTI,2001,1.11
Haiti,HTI,2002,1.06
Haiti,HTI,2003,1.04
Haiti,HTI,2004,1.11
Haiti,HTI,2005,1.15
Haiti,HTI,2006,1.19
Haiti,HTI,2007,1.28
Haiti,HTI,2008,1.2
Haiti,HTI,2009,1.27
Haiti,HTI,2010,1.34
Honduras,HND,2000,3.31
Honduras,HND,2001,3.49
Honduras,HND,2002,3.45
Honduras,HND,2003,3.51
Honduras,HND,2004,3.48
Honduras,HND,2005,3.52
Honduras,HND,2006,3.88
Honduras,HND,2007,4.01
Honduras,HND,2008,3.98
Honduras,HND,2009,4.22
Honduras,HND,2010,4.09
Hungary,HUN,2000,10.43
Hungary,HUN,2001,11.97
Hungary,HUN,2002,12.63
Hungary,HUN,2003,13.93
Hungary,HUN,2004,15.87
Hungary,HUN,2005,17.04
Hungary,HUN,2006,15.21
Hungary,HUN,2007,14.98
Hungary,HUN,2008,15.31
Hungary,HUN,2009,13.78
Hungary,HUN,2010,12.93
Iceland,ISL,2000,34.1
Iceland,ISL,2001,29.02
Iceland,ISL,2002,28.51
Iceland,ISL,2003,32.21
Iceland,ISL,2004,36.59
Iceland,ISL,2005,45.66
Iceland,ISL,2006,49.7
Iceland,ISL,2007,49.64
Iceland,ISL,2008,37.09
Iceland,ISL,2009,27.27
Iceland,ISL,2010,26.81
India,IND,2000,2.47
India,IND,2001,2.55
India,IND,2002,2.49
India,IND,2003,2.55
India,IND,2004,2.64
India,IND,2005,2.79
India,IND,2006,2.95
India,IND,2007,3.26
India,IND,2008,3.29
India,IND,2009,3.45
India,IND,2010,3.56
Indonesia,IDN,2000,2.82
Indonesia,IDN,2001,2.87
Indonesia,IDN,2002,3.47
Indonesia,IDN,2003,3.88
Indonesia,IDN,2004,3.79
Indonesia,IDN,2005,3.88
Indonesia,IDN,2006,3.97
Indonesia,IDN,2007,4.14
Indonesia,IDN,2008,4.29
Indonesia,IDN,2009,4.57
Indonesia,IDN,2010,5.04
Iran,IRN,2000,9.12
Iran,IRN,2001,9.76
Iran,IRN,2002,10.35
Iran,IRN,2003,11.02
Iran,IRN,2004,11.67
Iran,IRN,2005,12.14
Iran,IRN,2006,12.9
Iran,IRN,2007,13.67
Iran,IRN,2008,13.27
Iran,IRN,2009,14.29
Iran,IRN,2010,13.82
Iraq,IRQ,2000,2.37
Iraq,IRQ,2001,2.7
Iraq,IRQ,2002,2.84
Iraq,IRQ,2003,1.82
Iraq,IRQ,2004,2.17
Iraq,IRQ,2005,2.38
Iraq,IRQ,2006,2.34
Iraq,IRQ,2007,2.52
Iraq,IRQ,2008,2.68
Iraq,IRQ,2009,3.1
Iraq,IRQ,2010,3.04
Ireland,IRL,2000,32.2
Ireland,IRL,2001,31.29
Ireland,IRL,2002,32.24
Ireland,IRL,2003,33.61
Ireland,IRL,2004,36.2
Ireland,IRL,2005,39.59
Ireland,IRL,2006,44.25
Ireland,IRL,2007,45.82
Ireland,IRL,2008,38.56
Ireland,IRL,2009,31.2
Ireland,IRL,2010,26.41
Israel,ISR,2000,23.88
Israel,ISR,2001,23.31
Israel,ISR,2002,23.06
Israel,ISR,2003,20.82
Israel,ISR,2004,17.63
Israel,ISR,2005,19.14
Israel,ISR,2006,19.08
Israel,ISR,2007,19.45
Israel,ISR,2008,18.83
Israel,ISR,2009,18.05
Israel,ISR,2010,18.56
Italy,ITA,2000,20.78
Italy,ITA,2001,20.58
Italy,ITA,2002,20.63
Italy,ITA,2003,20.93
Italy,ITA,2004,21.54
Italy,ITA,2005,22.36
Italy,ITA,2006,22.55
Italy,ITA,2007,22.68
Italy,ITA,2008,21.95
Italy,ITA,2009,20.67
Italy,ITA,2010,19.18
Jamaica,JAM,2000,8.66
Jamaica,JAM,2001,8.8
Jamaica,JAM,2002,9
Jamaica,JAM,2003,9.07
Jamaica,JAM,2004,9.13
Jamaica,JAM,2005,9.75
Jamaica,JAM,2006,10.42
Jamaica,JAM,2007,9.51
Jamaica,JAM,2008,10.21
Jamaica,JAM,2009,7.09
Jamaica,JAM,2010,7.18
Japan,JPN,2000,25
Japan,JPN,2001,23.61
Japan,JPN,2002,22.25
Japan,JPN,2003,22.28
Japan,JPN,2004,23.26
Japan,JPN,2005,23.89
Japan,JPN,2006,23.75
Japan,JPN,2007,22.14
Japan,JPN,2008,22.16
Japan,JPN,2009,20.13
Japan,JPN,2010,20.11
Jordan,JOR,2000,7.2
Jordan,JOR,2001,7.14
Jordan,JOR,2002,7.55
Jordan,JOR,2003,7.22
Jordan,JOR,2004,7.96
Jordan,JOR,2005,8.58
Jordan,JOR,2006,8.31
Jordan,JOR,2007,8.29
Jordan,JOR,2008,7.83
Jordan,JOR,2009,7.69
Jordan,JOR,2010,7.82
Kazakhstan,KAZ,2000,12.42
Kazakhstan,KAZ,2001,14.79
Kazakhstan,KAZ,2002,14.76
Kazakhstan,KAZ,2003,15.32
Kazakhstan,KAZ,2004,15.56
Kazakhstan,KAZ,2005,16.15
Kazakhstan,KAZ,2006,18.19
Kazakhstan,KAZ,2007,20.52
Kazakhstan,KAZ,2008,18.19
Kazakhstan,KAZ,2009,19.46
Kazakhstan,KAZ,2010,18.39
Kenya,KEN,2000,2.81
Kenya,KEN,2001,2.82
Kenya,KEN,2002,2.79
Kenya,KEN,2003,2.66
Kenya,KEN,2004,2.68
Kenya,KEN,2005,2.89
Kenya,KEN,2006,2.9
Kenya,KEN,2007,2.93
Kenya,KEN,2008,2.83
Kenya,KEN,2009,3.05
Kenya,KEN,2010,3.05
Kuwait,KWT,2000,41.03
Kuwait,KWT,2001,44.53
Kuwait,KWT,2002,40.97
Kuwait,KWT,2003,52.75
Kuwait,KWT,2004,52.05
Kuwait,KWT,2005,53.95
Kuwait,KWT,2006,51.59
Kuwait,KWT,2007,54.65
Kuwait,KWT,2008,56.19
Kuwait,KWT,2009,44.46
Kuwait,KWT,2010,41.76
Kyrgyzstan,KGZ,2000,6.01
Kyrgyzstan,KGZ,2001,5.68
Kyrgyzstan,KGZ,2002,5.83
Kyrgyzstan,KGZ,2003,6.49
Kyrgyzstan,KGZ,2004,6.77
Kyrgyzstan,KGZ,2005,6.73
Kyrgyzstan,KGZ,2006,7.08
Kyrgyzstan,KGZ,2007,7.58
Kyrgyzstan,KGZ,2008,8.11
Kyrgyzstan,KGZ,2009,7.22
Kyrgyzstan,KGZ,2010,7.08
Landlocked developing countries,,2000,2.59
Landlocked developing countries,,2001,2.7
Landlocked developing countries,,2002,2.72
Landlocked developing countries,,2003,2.87
Landlocked developing countries,,2004,2.92
Landlocked developing countries,,2005,3
Landlocked developing countries,,2006,3.16
Landlocked developing countries,,2007,3.33
Landlocked developing countries,,2008,3.23
Landlocked developing countries,,2009,3.44
Landlocked developing countries,,2010,3.48
Laos,LAO,2000,1.45
Laos,LAO,2001,1.42
Laos,LAO,2002,1.43
Laos,LAO,2003,1.64
Laos,LAO,2004,1.69
Laos,LAO,2005,2.41
Laos,LAO,2006,3.2
Laos,LAO,2007,3.29
Laos,LAO,2008,3.72
Laos,LAO,2009,4.89
Laos,LAO,2010,4.78
Latin America and the Caribbean,,2000,8.85
Latin America and the Caribbean,,2001,8.65
Latin America and the Caribbean,,2002,8.26
Latin America and the Caribbean,,2003,8.32
Latin America and the Caribbean,,2004,8.33
Latin America and the Caribbean,,2005,8.87
Latin America and the Caribbean,,2006,9.13
Latin America and the Caribbean,,2007,9.59
Latin America and the Caribbean,,2008,9.9
Latin America and the Caribbean,,2009,9.86
Latin America and the Caribbean,,2010,10.32
Latvia,LVA,2000,13.16
Latvia,LVA,2001,13.39
Latvia,LVA,2002,14.46
Latvia,LVA,2003,16.02
Latvia,LVA,2004,17.77
Latvia,LVA,2005,18.84
Latvia,LVA,2006,21.25
Latvia,LVA,2007,25.98
Latvia,LVA,2008,24.88
Latvia,LVA,2009,20.48
Latvia,LVA,2010,21.26
Least developed countries,,2000,1.36
Least developed countries,,2001,1.41
Least developed countries,,2002,1.42
Least developed countries,,2003,1.5
Least developed countries,,2004,1.5
Least developed countries,,2005,1.59
Least developed countries,,2006,1.62
Least developed countries,,2007,1.67
Least developed countries,,2008,1.68
Least developed countries,,2009,1.77
Least developed countries,,2010,1.81
Lebanon,LBN,2000,12.22
Lebanon,LBN,2001,12.19
Lebanon,LBN,2002,11.17
Lebanon,LBN,2003,12.38
Lebanon,LBN,2004,12.49
Lebanon,LBN,2005,12.35
Lebanon,LBN,2006,12.75
Lebanon,LBN,2007,12.08
Lebanon,LBN,2008,12.5
Lebanon,LBN,2009,14.54
Lebanon,LBN,2010,15.47
Lesotho,LSO,2000,2.99
Lesotho,LSO,2001,2.89
Lesotho,LSO,2002,2.78
Lesotho,LSO,2003,3.09
Lesotho,LSO,2004,3.24
Lesotho,LSO,2005,3.29
Lesotho,LSO,2006,3.51
Lesotho,LSO,2007,3.91
Lesotho,LSO,2008,3.22
Lesotho,LSO,2009,3.94
Lesotho,LSO,2010,4.91
Liberia,LBR,2000,0.81
Liberia,LBR,2001,0.83
Liberia,LBR,2002,0.93
Liberia,LBR,2003,0.69
Liberia,LBR,2004,0.81
Liberia,LBR,2005,0.82
Liberia,LBR,2006,1.14
Liberia,LBR,2007,1.22
Liberia,LBR,2008,0.99
Liberia,LBR,2009,1.14
Liberia,LBR,2010,1.06
Libya,LBY,2000,4.36
Libya,LBY,2001,4.06
Libya,LBY,2002,3.94
Libya,LBY,2003,3.47
Libya,LBY,2004,3.17
Libya,LBY,2005,3.2
Libya,LBY,2006,4.03
Libya,LBY,2007,3.95
Libya,LBY,2008,4.16
Libya,LBY,2009,3.89
Libya,LBY,2010,3.96
Liechtenstein,LIE,2000,49.68
Liechtenstein,LIE,2001,40.25
Liechtenstein,LIE,2002,42.08
Liechtenstein,LIE,2003,50.28
Liechtenstein,LIE,2004,51.87
Liechtenstein,LIE,2005,50.88
Liechtenstein,LIE,2006,59.12
Liechtenstein,LIE,2007,68.2
Liechtenstein,LIE,2008,41.31
Liechtenstein,LIE,2009,42.91
Liechtenstein,LIE,2010,44.37
Lithuania,LTU,2000,14.3
Lithuania,LTU,2001,14.4
Lithuania,LTU,2002,16.31
Lithuania,LTU,2003,19.4
Lithuania,LTU,2004,21.04
Lithuania,LTU,2005,22.56
Lithuania,LTU,2006,24.13
Lithuania,LTU,2007,28.6
Lithuania,LTU,2008,29.89
Lithuania,LTU,2009,25.05
Lithuania,LTU,2010,25.15
Luxembourg,LUX,2000,0
Luxembourg,LUX,2001,0
Luxembourg,LUX,2002,0
Luxembourg,LUX,2003,0
Luxembourg,LUX,2004,0
Luxembourg,LUX,2005,0
Luxembourg,LUX,2006,0
Luxembourg,LUX,2007,0
Luxembourg,LUX,2008,0
Luxembourg,LUX,2009,0
Luxembourg,LUX,2010,0
Macedonia,MKD,2000,7.15
Macedonia,MKD,2001,6.28
Macedonia,MKD,2002,6.75
Macedonia,MKD,2003,7.58
Macedonia,MKD,2004,7.96
Macedonia,MKD,2005,8.44
Macedonia,MKD,2006,9.13
Macedonia,MKD,2007,10.28
Macedonia,MKD,2008,11.59
Macedonia,MKD,2009,10.82
Macedonia,MKD,2010,10.37
Madagascar,MDG,2000,0.56
Madagascar,MDG,2001,0.57
Madagascar,MDG,2002,0.59
Madagascar,MDG,2003,0.73
Madagascar,MDG,2004,0.61
Madagascar,MDG,2005,0.62
Madagascar,MDG,2006,0.69
Madagascar,MDG,2007,0.81
Madagascar,MDG,2008,0.92
Madagascar,MDG,2009,0.96
Madagascar,MDG,2010,0.88
Malawi,MWI,2000,1
Malawi,MWI,2001,0.93
Malawi,MWI,2002,0.97
Malawi,MWI,2003,0.94
Malawi,MWI,2004,0.88
Malawi,MWI,2005,0.91
Malawi,MWI,2006,1
Malawi,MWI,2007,0.98
Malawi,MWI,2008,1.02
Malawi,MWI,2009,1.24
Malawi,MWI,2010,1.16
Malaysia,MYS,2000,16.32
Malaysia,MYS,2001,13.56
Malaysia,MYS,2002,13.36
Malaysia,MYS,2003,13.6
Malaysia,MYS,2004,14.13
Malaysia,MYS,2005,14.53
Malaysia,MYS,2006,15.79
Malaysia,MYS,2007,15.67
Malaysia,MYS,2008,15.6
Malaysia,MYS,2009,17.19
Malaysia,MYS,2010,17.35
Maldives,MDV,2000,7.64
Maldives,MDV,2001,6.52
Maldives,MDV,2002,6.54
Maldives,MDV,2003,7.22
Maldives,MDV,2004,8.98
Maldives,MDV,2005,9.79
Maldives,MDV,2006,13.25
Maldives,MDV,2007,14.69
Maldives,MDV,2008,14.1
Maldives,MDV,2009,15.03
Maldives,MDV,2010,14.37
Mali,MLI,2000,2.51
Mali,MLI,2001,2.92
Mali,MLI,2002,3.15
Mali,MLI,2003,3.39
Mali,MLI,2004,3.49
Mali,MLI,2005,3.74
Mali,MLI,2006,3.76
Mali,MLI,2007,3.9
Mali,MLI,2008,4.02
Mali,MLI,2009,3.9
Mali,MLI,2010,4.27
Malta,MLT,2000,20.67
Malta,MLT,2001,18.43
Malta,MLT,2002,18.7
Malta,MLT,2003,19.38
Malta,MLT,2004,20.37
Malta,MLT,2005,20.76
Malta,MLT,2006,21.29
Malta,MLT,2007,22.65
Malta,MLT,2008,21.15
Malta,MLT,2009,19.48
Malta,MLT,2010,19.82
Mauritania,MRT,2000,2.8
Mauritania,MRT,2001,2.6
Mauritania,MRT,2002,2.63
Mauritania,MRT,2003,2.87
Mauritania,MRT,2004,2.89
Mauritania,MRT,2005,2.89
Mauritania,MRT,2006,2.52
Mauritania,MRT,2007,2.83
Mauritania,MRT,2008,2.5
Mauritania,MRT,2009,2.56
Mauritania,MRT,2010,2.43
Mauritius,MUS,2000,14.21
Mauritius,MUS,2001,13.55
Mauritius,MUS,2002,13.5
Mauritius,MUS,2003,14.18
Mauritius,MUS,2004,14.73
Mauritius,MUS,2005,15.02
Mauritius,MUS,2006,15.6
Mauritius,MUS,2007,15.66
Mauritius,MUS,2008,16.4
Mauritius,MUS,2009,16.09
Mauritius,MUS,2010,16.68
Melanesia,OWID_MNS,2000,3.33
Melanesia,OWID_MNS,2001,3.04
Melanesia,OWID_MNS,2002,3.04
Melanesia,OWID_MNS,2003,3.15
Melanesia,OWID_MNS,2004,3.27
Melanesia,OWID_MNS,2005,3.34
Melanesia,OWID_MNS,2006,3.47
Melanesia,OWID_MNS,2007,3.8
Melanesia,OWID_MNS,2008,3.37
Melanesia,OWID_MNS,2009,3.64
Melanesia,OWID_MNS,2010,3.65
Mexico,MEX,2000,8.79
Mexico,MEX,2001,8.79
Mexico,MEX,2002,8.7
Mexico,MEX,2003,9.01
Mexico,MEX,2004,8.87
Mexico,MEX,2005,8.98
Mexico,MEX,2006,9.08
Mexico,MEX,2007,8.95
Mexico,MEX,2008,8.64
Mexico,MEX,2009,8.2
Mexico,MEX,2010,8.39
Middle Africa,,2000,1.76
Middle Africa,,2001,1.81
Middle Africa,,2002,1.78
Middle Africa,,2003,1.83
Middle Africa,,2004,1.82
Middle Africa,,2005,1.89
Middle Africa,,2006,1.85
Middle Africa,,2007,1.96
Middle Africa,,2008,2.03
Middle Africa,,2009,2.26
Middle Africa,,2010,2.13
Moldova,MDA,2000,0.05
Moldova,MDA,2001,0.04
Moldova,MDA,2002,0.05
Moldova,MDA,2003,0.07
Moldova,MDA,2004,0.09
Moldova,MDA,2005,0.12
Moldova,MDA,2006,0.18
Moldova,MDA,2007,0.24
Moldova,MDA,2008,0.39
Moldova,MDA,2009,0.44
Moldova,MDA,2010,0.52
Monaco,MCO,2000,0
Monaco,MCO,2001,0
Monaco,MCO,2002,0
Monaco,MCO,2003,0
Monaco,MCO,2004,0
Monaco,MCO,2005,0
Monaco,MCO,2006,0
Monaco,MCO,2007,0
Monaco,MCO,2008,0
Monaco,MCO,2009,0
Monaco,MCO,2010,0
Mongolia,MNG,2000,3.7
Mongolia,MNG,2001,3.67
Mongolia,MNG,2002,3.71
Mongolia,MNG,2003,3.57
Mongolia,MNG,2004,3.97
Mongolia,MNG,2005,4.36
Mongolia,MNG,2006,4.73
Mongolia,MNG,2007,6.04
Mongolia,MNG,2008,7.64
Mongolia,MNG,2009,8.2
Mongolia,MNG,2010,10.21
Montenegro,MNE,2006,20.05
Montenegro,MNE,2007,27.87
Montenegro,MNE,2008,26.06
Montenegro,MNE,2009,15.42
Montenegro,MNE,2010,21.61
Morocco,MAR,2000,2.74
Morocco,MAR,2001,2.99
Morocco,MAR,2002,3.04
Morocco,MAR,2003,3.19
Morocco,MAR,2004,3.26
Morocco,MAR,2005,3.22
Morocco,MAR,2006,3
Morocco,MAR,2007,3.06
Morocco,MAR,2008,3.27
Morocco,MAR,2009,3.84
Morocco,MAR,2010,3.56
Mozambique,MOZ,2000,1.48
Mozambique,MOZ,2001,1.36
Mozambique,MOZ,2002,1.38
Mozambique,MOZ,2003,1.48
Mozambique,MOZ,2004,1.43
Mozambique,MOZ,2005,1.51
Mozambique,MOZ,2006,1.54
Mozambique,MOZ,2007,1.37
Mozambique,MOZ,2008,1.49
Mozambique,MOZ,2009,1.59
Mozambique,MOZ,2010,1.55
Myanmar,MMR,2000,0.62
Myanmar,MMR,2001,0.69
Myanmar,MMR,2002,0.75
Myanmar,MMR,2003,1.09
Myanmar,MMR,2004,1.12
Myanmar,MMR,2005,1.18
Myanmar,MMR,2006,1.17
Myanmar,MMR,2007,1.27
Myanmar,MMR,2008,1.42
Myanmar,MMR,2009,1.63
Myanmar,MMR,2010,1.58
Namibia,NAM,2000,5.42
Namibia,NAM,2001,5.46
Namibia,NAM,2002,5.06
Namibia,NAM,2003,6.34
Namibia,NAM,2004,6.65
Namibia,NAM,2005,6.72
Namibia,NAM,2006,6.57
Namibia,NAM,2007,6.63
Namibia,NAM,2008,6.1
Namibia,NAM,2009,5.83
Namibia,NAM,2010,6.11
Nepal,NPL,2000,1.28
Nepal,NPL,2001,1.3
Nepal,NPL,2002,1.32
Nepal,NPL,2003,1.42
Nepal,NPL,2004,1.42
Nepal,NPL,2005,1.48
Nepal,NPL,2006,1.65
Nepal,NPL,2007,1.69
Nepal,NPL,2008,1.63
Nepal,NPL,2009,1.78
Nepal,NPL,2010,2.13
Netherlands,NLD,2000,18.18
Netherlands,NLD,2001,20.32
Netherlands,NLD,2002,22.86
Netherlands,NLD,2003,22.34
Netherlands,NLD,2004,22.67
Netherlands,NLD,2005,22.75
Netherlands,NLD,2006,23.36
Netherlands,NLD,2007,25.07
Netherlands,NLD,2008,25.19
Netherlands,NLD,2009,24.65
Netherlands,NLD,2010,23.49
New Zealand,NZL,2000,22.11
New Zealand,NZL,2001,22.34
New Zealand,NZL,2002,24.1
New Zealand,NZL,2003,24.3
New Zealand,NZL,2004,26.58
New Zealand,NZL,2005,27.67
New Zealand,NZL,2006,25.52
New Zealand,NZL,2007,26.44
New Zealand,NZL,2008,24.73
New Zealand,NZL,2009,21.12
New Zealand,NZL,2010,21.45
Nicaragua,NIC,2000,3.3
Nicaragua,NIC,2001,3.22
Nicaragua,NIC,2002,3.11
Nicaragua,NIC,2003,3.52
Nicaragua,NIC,2004,3.22
Nicaragua,NIC,2005,3.27
Nicaragua,NIC,2006,3.19
Nicaragua,NIC,2007,3.35
Nicaragua,NIC,2008,3.24
Nicaragua,NIC,2009,3.28
Nicaragua,NIC,2010,3.35
Niger,NER,2000,2.04
Niger,NER,2001,2.3
Niger,NER,2002,2.31
Niger,NER,2003,2.57
Niger,NER,2004,2.52
Niger,NER,2005,2.77
Niger,NER,2006,2.89
Niger,NER,2007,2.95
Niger,NER,2008,3.22
Niger,NER,2009,3.16
Niger,NER,2010,3.33
Nigeria,NGA,2000,1.55
Nigeria,NGA,2001,1.78
Nigeria,NGA,2002,1.65
Nigeria,NGA,2003,1.89
Nigeria,NGA,2004,1.73
Nigeria,NGA,2005,1.83
Nigeria,NGA,2006,1.91
Nigeria,NGA,2007,2.04
Nigeria,NGA,2008,1.95
Nigeria,NGA,2009,1.79
Nigeria,NGA,2010,1.88
North Korea,PRK,2000,1.03
North Korea,PRK,2001,1.22
North Korea,PRK,2002,1.16
North Korea,PRK,2003,1.28
North Korea,PRK,2004,1.26
North Korea,PRK,2005,1.32
North Korea,PRK,2006,1.3
North Korea,PRK,2007,1.18
North Korea,PRK,2008,1.09
North Korea,PRK,2009,1.12
North Korea,PRK,2010,0.97
Northern Africa,,2000,4.04
Northern Africa,,2001,4.08
Northern Africa,,2002,4.05
Northern Africa,,2003,3.67
Northern Africa,,2004,3.71
Northern Africa,,2005,4.03
Northern Africa,,2006,4.17
Northern Africa,,2007,4.42
Northern Africa,,2008,4.62
Northern Africa,,2009,5.14
Northern Africa,,2010,4.93
Northern Africa and Western Asia,,2000,6.52
Northern Africa and Western Asia,,2001,6.07
Northern Africa and Western Asia,,2002,6.11
Northern Africa and Western Asia,,2003,5.99
Northern Africa and Western Asia,,2004,6.41
Northern Africa and Western Asia,,2005,6.9
Northern Africa and Western Asia,,2006,7.24
Northern Africa and Western Asia,,2007,7.76
Northern Africa and Western Asia,,2008,7.94
Northern Africa and Western Asia,,2009,7.78
Northern Africa and Western Asia,,2010,8.02
Northern America,,2000,30.88
Northern America,,2001,30.91
Northern America,,2002,30.52
Northern America,,2003,30.77
Northern America,,2004,32.2
Northern America,,2005,33.25
Northern America,,2006,33.74
Northern America,,2007,32.86
Northern America,,2008,30.67
Northern America,,2009,26.52
Northern America,,2010,27.15
Northern Europe,,2000,22.96
Northern Europe,,2001,22.12
Northern Europe,,2002,22.54
Northern Europe,,2003,23.15
Northern Europe,,2004,24.22
Northern Europe,,2005,25.68
Northern Europe,,2006,26.24
Northern Europe,,2007,27.13
Northern Europe,,2008,25.43
Northern Europe,,2009,22.04
Northern Europe,,2010,22.22
Norway,NOR,2000,32.15
Norway,NOR,2001,32.76
Norway,NOR,2002,33.3
Norway,NOR,2003,33.27
Norway,NOR,2004,34.2
Norway,NOR,2005,35.27
Norway,NOR,2006,35.58
Norway,NOR,2007,39.21
Norway,NOR,2008,38.55
Norway,NOR,2009,35.15
Norway,NOR,2010,36.11
Oceania (excluding Australia and New Zealand),,2000,4.02
Oceania (excluding Australia and New Zealand),,2001,3.7
Oceania (excluding Australia and New Zealand),,2002,3.76
Oceania (excluding Australia and New Zealand),,2003,3.94
Oceania (excluding Australia and New Zealand),,2004,4.05
Oceania (excluding Australia and New Zealand),,2005,4.14
Oceania (excluding Australia and New Zealand),,2006,4.28
Oceania (excluding Australia and New Zealand),,2007,4.66
Oceania (excluding Australia and New Zealand),,2008,4.09
Oceania (excluding Australia and New Zealand),,2009,4.35
Oceania (excluding Australia and New Zealand),,2010,4.33
Oman,OMN,2000,10.48
Oman,OMN,2001,10.91
Oman,OMN,2002,10.02
Oman,OMN,2003,8.61
Oman,OMN,2004,9.53
Oman,OMN,2005,10.73
Oman,OMN,2006,14.21
Oman,OMN,2007,14.54
Oman,OMN,2008,15.86
Oman,OMN,2009,16.56
Oman,OMN,2010,16.27
Pakistan,PAK,2000,2.27
Pakistan,PAK,2001,2.26
Pakistan,PAK,2002,2.22
Pakistan,PAK,2003,2.4
Pakistan,PAK,2004,2.47
Pakistan,PAK,2005,2.64
Pakistan,PAK,2006,2.79
Pakistan,PAK,2007,2.89
Pakistan,PAK,2008,2.72
Pakistan,PAK,2009,2.77
Pakistan,PAK,2010,2.71
Panama,PAN,2000,8.69
Panama,PAN,2001,7.31
Panama,PAN,2002,6.93
Panama,PAN,2003,7.53
Panama,PAN,2004,7.24
Panama,PAN,2005,8.1
Panama,PAN,2006,7.64
Panama,PAN,2007,7.72
Panama,PAN,2008,8.63
Panama,PAN,2009,8.01
Panama,PAN,2010,7.63
Papua New Guinea,PNG,2000,2.42
Papua New Guinea,PNG,2001,2.13
Papua New Guinea,PNG,2002,2.13
Papua New Guinea,PNG,2003,2.04
Papua New Guinea,PNG,2004,2.04
Papua New Guinea,PNG,2005,2.1
Papua New Guinea,PNG,2006,2.11
Papua New Guinea,PNG,2007,2.46
Papua New Guinea,PNG,2008,2.22
Papua New Guinea,PNG,2009,2.62
Papua New Guinea,PNG,2010,2.65
Paraguay,PRY,2000,12.62
Paraguay,PRY,2001,12.39
Paraguay,PRY,2002,12.46
Paraguay,PRY,2003,12.41
Paraguay,PRY,2004,12.3
Paraguay,PRY,2005,12.18
Paraguay,PRY,2006,12.6
Paraguay,PRY,2007,13.12
Paraguay,PRY,2008,13.29
Paraguay,PRY,2009,12.02
Paraguay,PRY,2010,13.75
Peru,PER,2000,9.75
Peru,PER,2001,10.59
Peru,PER,2002,11.1
Peru,PER,2003,11.22
Peru,PER,2004,10.44
Peru,PER,2005,10.86
Peru,PER,2006,10.77
Peru,PER,2007,11.11
Peru,PER,2008,12.41
Peru,PER,2009,12.29
Peru,PER,2010,12.17
Philippines,PHL,2000,4.02
Philippines,PHL,2001,3.46
Philippines,PHL,2002,3.7
Philippines,PHL,2003,3.55
Philippines,PHL,2004,3.59
Philippines,PHL,2005,3.69
Philippines,PHL,2006,3.48
Philippines,PHL,2007,3.59
Philippines,PHL,2008,3.66
Philippines,PHL,2009,3.71
Philippines,PHL,2010,3.9
Poland,POL,2000,13.69
Poland,POL,2001,13.39
Poland,POL,2002,13.53
Poland,POL,2003,13.49
Poland,POL,2004,14.55
Poland,POL,2005,14.87
Poland,POL,2006,15.26
Poland,POL,2007,16.65
Poland,POL,2008,16.89
Poland,POL,2009,15.58
Poland,POL,2010,16.44
Portugal,PRT,2000,21.21
Portugal,PRT,2001,20.77
Portugal,PRT,2002,20.35
Portugal,PRT,2003,19.24
Portugal,PRT,2004,20.67
Portugal,PRT,2005,21.6
Portugal,PRT,2006,22.96
Portugal,PRT,2007,25.9
Portugal,PRT,2008,26.55
Portugal,PRT,2009,23.02
Portugal,PRT,2010,22
Qatar,QAT,2000,14.6
Qatar,QAT,2001,17.29
Qatar,QAT,2002,19.65
Qatar,QAT,2003,20.47
Qatar,QAT,2004,20.8
Qatar,QAT,2005,29.62
Qatar,QAT,2006,30.01
Qatar,QAT,2007,33.98
Qatar,QAT,2008,32.66
Qatar,QAT,2009,20.32
Qatar,QAT,2010,22.03
Romania,ROU,2000,6.92
Romania,ROU,2001,10.16
Romania,ROU,2002,9.56
Romania,ROU,2003,10.43
Romania,ROU,2004,11.1
Romania,ROU,2005,12.31
Romania,ROU,2006,13.38
Romania,ROU,2007,20.66
Romania,ROU,2008,15.35
Romania,ROU,2009,13.1
Romania,ROU,2010,13.26
Russia,RUS,2000,5.51
Russia,RUS,2001,6.09
Russia,RUS,2002,6.21
Russia,RUS,2003,6.49
Russia,RUS,2004,7.04
Russia,RUS,2005,7.44
Russia,RUS,2006,8.07
Russia,RUS,2007,8.73
Russia,RUS,2008,9.27
Russia,RUS,2009,8.04
Russia,RUS,2010,8
Rwanda,RWA,2000,1.65
Rwanda,RWA,2001,1.62
Rwanda,RWA,2002,1.77
Rwanda,RWA,2003,1.78
Rwanda,RWA,2004,1.8
Rwanda,RWA,2005,1.89
Rwanda,RWA,2006,2.31
Rwanda,RWA,2007,2.36
Rwanda,RWA,2008,1.85
Rwanda,RWA,2009,2.33
Rwanda,RWA,2010,2.38
Samoa,WSM,2000,7.09
Samoa,WSM,2001,6.26
Samoa,WSM,2002,7.01
Samoa,WSM,2003,8.05
Samoa,WSM,2004,8.88
Samoa,WSM,2005,9.51
Samoa,WSM,2006,10.11
Samoa,WSM,2007,11.58
Samoa,WSM,2008,8.46
Samoa,WSM,2009,8.92
Samoa,WSM,2010,9.13
San Marino,SMR,2000,59.19
San Marino,SMR,2001,44.56
San Marino,SMR,2002,48.25
San Marino,SMR,2003,57.45
San Marino,SMR,2004,61.03
San Marino,SMR,2005,61.93
San Marino,SMR,2006,77.94
San Marino,SMR,2007,99.31
San Marino,SMR,2008,57.9
San Marino,SMR,2009,69.32
San Marino,SMR,2010,104.52
Sao Tome and Principe,STP,2000,6.47
Sao Tome and Principe,STP,2001,4.5
Sao Tome and Principe,STP,2002,4.9
Sao Tome and Principe,STP,2003,5.79
Sao Tome and Principe,STP,2004,5.96
Sao Tome and Principe,STP,2005,6.3
Sao Tome and Principe,STP,2006,7.56
Sao Tome and Principe,STP,2007,8.59
Sao Tome and Principe,STP,2008,6.88
Sao Tome and Principe,STP,2009,7.3
Sao Tome and Principe,STP,2010,7.1
Saudi Arabia,SAU,2000,11.79
Saudi Arabia,SAU,2001,10.11
Saudi Arabia,SAU,2002,9.56
Saudi Arabia,SAU,2003,8.65
Saudi Arabia,SAU,2004,9.23
Saudi Arabia,SAU,2005,9.99
Saudi Arabia,SAU,2006,10.53
Saudi Arabia,SAU,2007,11.58
Saudi Arabia,SAU,2008,12.22
Saudi Arabia,SAU,2009,12.58
Saudi Arabia,SAU,2010,12.65
Senegal,SEN,2000,2.05
Senegal,SEN,2001,2.26
Senegal,SEN,2002,2.22
Senegal,SEN,2003,2.5
Senegal,SEN,2004,2.59
Senegal,SEN,2005,2.72
Senegal,SEN,2006,2.63
Senegal,SEN,2007,2.93
Senegal,SEN,2008,2.89
Senegal,SEN,2009,2.88
Senegal,SEN,2010,2.91
Serbia,SRB,2006,10.33
Serbia,SRB,2007,11.09
Serbia,SRB,2008,11.14
Serbia,SRB,2009,11.28
Serbia,SRB,2010,14.36
Seychelles,SYC,2000,26.24
Seychelles,SYC,2001,23.72
Seychelles,SYC,2002,23.36
Seychelles,SYC,2003,24.6
Seychelles,SYC,2004,23.34
Seychelles,SYC,2005,26.83
Seychelles,SYC,2006,28.47
Seychelles,SYC,2007,31.42
Seychelles,SYC,2008,24.23
Seychelles,SYC,2009,25.99
Seychelles,SYC,2010,24.68
Sierra Leone,SLE,2000,1.46
Sierra Leone,SLE,2001,1.49
Sierra Leone,SLE,2002,1.57
Sierra Leone,SLE,2003,1.62
Sierra Leone,SLE,2004,1.56
Sierra Leone,SLE,2005,1.62
Sierra Leone,SLE,2006,2.25
Sierra Leone,SLE,2007,2.16
Sierra Leone,SLE,2008,2.05
Sierra Leone,SLE,2009,2.14
Sierra Leone,SLE,2010,2.3
Singapore,SGP,2000,66.87
Singapore,SGP,2001,54.24
Singapore,SGP,2002,50.29
Singapore,SGP,2003,52.67
Singapore,SGP,2004,58.38
Singapore,SGP,2005,63.1
Singapore,SGP,2006,71.09
Singapore,SGP,2007,71.28
Singapore,SGP,2008,74.47
Singapore,SGP,2009,68.71
Singapore,SGP,2010,70.47
Slovakia,SVK,2000,20.51
Slovakia,SVK,2001,22.9
Slovakia,SVK,2002,24.09
Slovakia,SVK,2003,27.11
Slovakia,SVK,2004,29.43
Slovakia,SVK,2005,31.97
Slovakia,SVK,2006,31.42
Slovakia,SVK,2007,37.61
Slovakia,SVK,2008,35.98
Slovakia,SVK,2009,35.16
Slovakia,SVK,2010,37.2
Slovenia,SVN,2000,20.01
Slovenia,SVN,2001,19.18
Slovenia,SVN,2002,20.02
Slovenia,SVN,2003,21.56
Slovenia,SVN,2004,23.07
Slovenia,SVN,2005,23.59
Slovenia,SVN,2006,26.2
Slovenia,SVN,2007,28.26
Slovenia,SVN,2008,26.88
Slovenia,SVN,2009,22.85
Slovenia,SVN,2010,22.49
Small island developing States,,2000,13.18
Small island developing States,,2001,11.46
Small island developing States,,2002,11.23
Small island developing States,,2003,10.95
Small island developing States,,2004,11.4
Small island developing States,,2005,12.08
Small island developing States,,2006,12.99
Small island developing States,,2007,13.44
Small island developing States,,2008,13.63
Small island developing States,,2009,12.63
Small island developing States,,2010,13.01
Somalia,SOM,2000,3.91
Somalia,SOM,2001,3.68
Somalia,SOM,2002,3.75
Somalia,SOM,2003,3.94
Somalia,SOM,2004,4.01
Somalia,SOM,2005,4.15
Somalia,SOM,2006,4.18
Somalia,SOM,2007,3.88
Somalia,SOM,2008,3.64
Somalia,SOM,2009,3.69
Somalia,SOM,2010,3.48
South Africa,ZAF,2000,9.28
South Africa,ZAF,2001,8.24
South Africa,ZAF,2002,8.42
South Africa,ZAF,2003,8.87
South Africa,ZAF,2004,9.37
South Africa,ZAF,2005,9.79
South Africa,ZAF,2006,9.65
South Africa,ZAF,2007,9.48
South Africa,ZAF,2008,8.94
South Africa,ZAF,2009,8.34
South Africa,ZAF,2010,8.75
South America,,2000,9.57
South America,,2001,9.29
South America,,2002,8.75
South America,,2003,8.77
South America,,2004,8.86
South America,,2005,9.61
South America,,2006,9.94
South America,,2007,10.63
South America,,2008,11.2
South America,,2009,11.36
South America,,2010,12
South Korea,KOR,2000,22.05
South Korea,KOR,2001,22.08
South Korea,KOR,2002,23.08
South Korea,KOR,2003,24.98
South Korea,KOR,2004,25.11
South Korea,KOR,2005,23.13
South Korea,KOR,2006,23.05
South Korea,KOR,2007,23.96
South Korea,KOR,2008,24.15
South Korea,KOR,2009,22.38
South Korea,KOR,2010,23.22
South-Eastern Asia,,2000,4.36
South-Eastern Asia,,2001,4.14
South-Eastern Asia,,2002,4.43
South-Eastern Asia,,2003,4.82
South-Eastern Asia,,2004,4.97
South-Eastern Asia,,2005,5.24
South-Eastern Asia,,2006,5.49
South-Eastern Asia,,2007,5.61
South-Eastern Asia,,2008,5.82
South-Eastern Asia,,2009,6.06
South-Eastern Asia,,2010,6.5
Southern Africa,,2000,9.08
Southern Africa,,2001,8.14
Southern Africa,,2002,8.28
Southern Africa,,2003,8.81
Southern Africa,,2004,9.27
Southern Africa,,2005,9.67
Southern Africa,,2006,9.52
Southern Africa,,2007,9.39
Southern Africa,,2008,8.88
Southern Africa,,2009,8.41
Southern Africa,,2010,8.86
Southern Asia,,2000,2.61
Southern Asia,,2001,2.7
Southern Asia,,2002,2.68
Southern Asia,,2003,2.77
Southern Asia,,2004,2.87
Southern Asia,,2005,3.03
Southern Asia,,2006,3.19
Southern Asia,,2007,3.46
Southern Asia,,2008,3.45
Southern Asia,,2009,3.61
Southern Asia,,2010,3.68
Southern Europe,,2000,21.08
Southern Europe,,2001,21.26
Southern Europe,,2002,23.16
Southern Europe,,2003,23.45
Southern Europe,,2004,23.38
Southern Europe,,2005,24.65
Southern Europe,,2006,23.62
Southern Europe,,2007,24.93
Southern Europe,,2008,23.87
Southern Europe,,2009,21.41
Southern Europe,,2010,20.28
Spain,ESP,2000,23.96
Spain,ESP,2001,24.72
Spain,ESP,2002,25.61
Spain,ESP,2003,27.98
Spain,ESP,2004,28.76
Spain,ESP,2005,34.13
Spain,ESP,2006,29.59
Spain,ESP,2007,31.55
Spain,ESP,2008,28.76
Spain,ESP,2009,24.17
Spain,ESP,2010,23.28
Sri Lanka,LKA,2000,1.45
Sri Lanka,LKA,2001,1.55
Sri Lanka,LKA,2002,1.51
Sri Lanka,LKA,2003,1.48
Sri Lanka,LKA,2004,1.56
Sri Lanka,LKA,2005,1.77
Sri Lanka,LKA,2006,1.87
Sri Lanka,LKA,2007,2.04
Sri Lanka,LKA,2008,2.28
Sri Lanka,LKA,2009,2.23
Sri Lanka,LKA,2010,2.45
Sub-Saharan Africa,,2000,2.21
Sub-Saharan Africa,,2001,2.19
Sub-Saharan Africa,,2002,2.18
Sub-Saharan Africa,,2003,2.32
Sub-Saharan Africa,,2004,2.31
Sub-Saharan Africa,,2005,2.42
Sub-Saharan Africa,,2006,2.45
Sub-Saharan Africa,,2007,2.47
Sub-Saharan Africa,,2008,2.41
Sub-Saharan Africa,,2009,2.4
Sub-Saharan Africa,,2010,2.45
Suriname,SUR,2000,10.29
Suriname,SUR,2001,11.55
Suriname,SUR,2002,10.99
Suriname,SUR,2003,13.15
Suriname,SUR,2004,14.14
Suriname,SUR,2005,15.51
Suriname,SUR,2006,14.91
Suriname,SUR,2007,16.38
Suriname,SUR,2008,15.76
Suriname,SUR,2009,13.94
Suriname,SUR,2010,13.61
Swaziland,SWZ,2000,9.61
Swaziland,SWZ,2001,9.28
Swaziland,SWZ,2002,9.45
Swaziland,SWZ,2003,10.78
Swaziland,SWZ,2004,10.95
Swaziland,SWZ,2005,11.46
Swaziland,SWZ,2006,11.23
Swaziland,SWZ,2007,11.08
Swaziland,SWZ,2008,10.14
Swaziland,SWZ,2009,10.91
Swaziland,SWZ,2010,10.73
Sweden,SWE,2000,24.09
Sweden,SWE,2001,21.95
Sweden,SWE,2002,22.09
Sweden,SWE,2003,23.19
Sweden,SWE,2004,24.03
Sweden,SWE,2005,25.84
Sweden,SWE,2006,24.96
Sweden,SWE,2007,26.4
Sweden,SWE,2008,25.11
Sweden,SWE,2009,21.47
Sweden,SWE,2010,23.57
Switzerland,CHE,2000,23.3
Switzerland,CHE,2001,25.76
Switzerland,CHE,2002,26.11
Switzerland,CHE,2003,25.42
Switzerland,CHE,2004,26.77
Switzerland,CHE,2005,28.55
Switzerland,CHE,2006,29.48
Switzerland,CHE,2007,30.1
Switzerland,CHE,2008,29.07
Switzerland,CHE,2009,26.64
Switzerland,CHE,2010,26.93
Syria,SYR,2000,2.86
Syria,SYR,2001,3.05
Syria,SYR,2002,3.07
Syria,SYR,2003,2.9
Syria,SYR,2004,3.18
Syria,SYR,2005,3.31
Syria,SYR,2006,3.49
Syria,SYR,2007,3.58
Syria,SYR,2008,3.47
Syria,SYR,2009,3.5
Syria,SYR,2010,3.63
Tajikistan,TJK,2000,0.73
Tajikistan,TJK,2001,0.69
Tajikistan,TJK,2002,0.79
Tajikistan,TJK,2003,0.94
Tajikistan,TJK,2004,1.07
Tajikistan,TJK,2005,1.13
Tajikistan,TJK,2006,1.36
Tajikistan,TJK,2007,1.67
Tajikistan,TJK,2008,1.5
Tajikistan,TJK,2009,1.49
Tajikistan,TJK,2010,1.78
Tanzania,TZA,2000,1.29
Tanzania,TZA,2001,1.36
Tanzania,TZA,2002,1.5
Tanzania,TZA,2003,1.42
Tanzania,TZA,2004,1.49
Tanzania,TZA,2005,1.46
Tanzania,TZA,2006,1.42
Tanzania,TZA,2007,1.42
Tanzania,TZA,2008,1.37
Tanzania,TZA,2009,1.37
Tanzania,TZA,2010,1.39
Thailand,THA,2000,6.47
Thailand,THA,2001,6.49
Thailand,THA,2002,6.86
Thailand,THA,2003,7.87
Thailand,THA,2004,8.57
Thailand,THA,2005,8.97
Thailand,THA,2006,9.48
Thailand,THA,2007,9.19
Thailand,THA,2008,9.35
Thailand,THA,2009,8.77
Thailand,THA,2010,9.77
Togo,TGO,2000,2.33
Togo,TGO,2001,2.07
Togo,TGO,2002,2.16
Togo,TGO,2003,1.9
Togo,TGO,2004,1.89
Togo,TGO,2005,1.93
Togo,TGO,2006,2.58
Togo,TGO,2007,1.87
Togo,TGO,2008,2.28
Togo,TGO,2009,2.26
Togo,TGO,2010,2.1
Trinidad and Tobago,TTO,2000,5.24
Trinidad and Tobago,TTO,2001,5.55
Trinidad and Tobago,TTO,2002,5.95
Trinidad and Tobago,TTO,2003,5.56
Trinidad and Tobago,TTO,2004,5.43
Trinidad and Tobago,TTO,2005,5.96
Trinidad and Tobago,TTO,2006,6.04
Trinidad and Tobago,TTO,2007,6.32
Trinidad and Tobago,TTO,2008,6
Trinidad and Tobago,TTO,2009,4.92
Trinidad and Tobago,TTO,2010,4.24
Tunisia,TUN,2000,6.36
Tunisia,TUN,2001,6.5
Tunisia,TUN,2002,6.16
Tunisia,TUN,2003,6.14
Tunisia,TUN,2004,6.05
Tunisia,TUN,2005,5.98
Tunisia,TUN,2006,5.71
Tunisia,TUN,2007,5.86
Tunisia,TUN,2008,5.99
Tunisia,TUN,2009,5.79
Tunisia,TUN,2010,6.02
Turkey,TUR,2000,9.7
Turkey,TUR,2001,7.94
Turkey,TUR,2002,8.26
Turkey,TUR,2003,8.92
Turkey,TUR,2004,10.01
Turkey,TUR,2005,10.77
Turkey,TUR,2006,12.14
Turkey,TUR,2007,12.55
Turkey,TUR,2008,12.48
Turkey,TUR,2009,11.08
Turkey,TUR,2010,12.74
Turkmenistan,TKM,2000,7.57
Turkmenistan,TKM,2001,9.23
Turkmenistan,TKM,2002,8.69
Turkmenistan,TKM,2003,10.63
Turkmenistan,TKM,2004,11.79
Turkmenistan,TKM,2005,11.29
Turkmenistan,TKM,2006,9.74
Turkmenistan,TKM,2007,11.95
Turkmenistan,TKM,2008,11.54
Turkmenistan,TKM,2009,14.44
Turkmenistan,TKM,2010,13.22
Uganda,UGA,2000,2.11
Uganda,UGA,2001,2.14
Uganda,UGA,2002,2.13
Uganda,UGA,2003,2.29
Uganda,UGA,2004,2.29
Uganda,UGA,2005,2.41
Uganda,UGA,2006,2.45
Uganda,UGA,2007,2.53
Uganda,UGA,2008,2.47
Uganda,UGA,2009,2.58
Uganda,UGA,2010,2.67
Ukraine,UKR,2000,3.89
Ukraine,UKR,2001,4.54
Ukraine,UKR,2002,4.52
Ukraine,UKR,2003,4.82
Ukraine,UKR,2004,5.89
Ukraine,UKR,2005,6.42
Ukraine,UKR,2006,7.17
Ukraine,UKR,2007,7.84
Ukraine,UKR,2008,7.29
Ukraine,UKR,2009,6.81
Ukraine,UKR,2010,7.01
United Arab Emirates,ARE,2000,54.03
United Arab Emirates,ARE,2001,43.97
United Arab Emirates,ARE,2002,45.84
United Arab Emirates,ARE,2003,45.06
United Arab Emirates,ARE,2004,54.77
United Arab Emirates,ARE,2005,53.43
United Arab Emirates,ARE,2006,43.4
United Arab Emirates,ARE,2007,48.34
United Arab Emirates,ARE,2008,45.23
United Arab Emirates,ARE,2009,36.98
United Arab Emirates,ARE,2010,34.66
United Kingdom,GBR,2000,21.38
United Kingdom,GBR,2001,20.53
United Kingdom,GBR,2002,20.72
United Kingdom,GBR,2003,20.9
United Kingdom,GBR,2004,21.87
United Kingdom,GBR,2005,23.31
United Kingdom,GBR,2006,23.61
United Kingdom,GBR,2007,23.59
United Kingdom,GBR,2008,22.02
United Kingdom,GBR,2009,18.89
United Kingdom,GBR,2010,19.37
United States,USA,2000,31.31
United States,USA,2001,31.47
United States,USA,2002,31.04
United States,USA,2003,31.14
United States,USA,2004,32.73
United States,USA,2005,33.81
United States,USA,2006,34.29
United States,USA,2007,33.31
United States,USA,2008,30.95
United States,USA,2009,26.39
United States,USA,2010,27.01
Uruguay,URY,2000,23.38
Uruguay,URY,2001,20.05
Uruguay,URY,2002,20.1
Uruguay,URY,2003,17.12
Uruguay,URY,2004,23.68
Uruguay,URY,2005,31.13
Uruguay,URY,2006,31.49
Uruguay,URY,2007,31.22
Uruguay,URY,2008,32.97
Uruguay,URY,2009,31.98
Uruguay,URY,2010,32.37
Uzbekistan,UZB,2000,5.09
Uzbekistan,UZB,2001,4.71
Uzbekistan,UZB,2002,4.76
Uzbekistan,UZB,2003,4.92
Uzbekistan,UZB,2004,5.21
Uzbekistan,UZB,2005,5.29
Uzbekistan,UZB,2006,5.74
Uzbekistan,UZB,2007,5.67
Uzbekistan,UZB,2008,5.63
Uzbekistan,UZB,2009,6.15
Uzbekistan,UZB,2010,6.22
Vanuatu,VUT,2000,6.32
Vanuatu,VUT,2001,5.96
Vanuatu,VUT,2002,6.34
Vanuatu,VUT,2003,7.23
Vanuatu,VUT,2004,7.78
Vanuatu,VUT,2005,8.26
Vanuatu,VUT,2006,8.86
Vanuatu,VUT,2007,10.06
Vanuatu,VUT,2008,8.27
Vanuatu,VUT,2009,8.85
Vanuatu,VUT,2010,9.12
Venezuela,VEN,2000,7.43
Venezuela,VEN,2001,7.64
Venezuela,VEN,2002,6.32
Venezuela,VEN,2003,5.8
Venezuela,VEN,2004,5.7
Venezuela,VEN,2005,6.81
Venezuela,VEN,2006,7.34
Venezuela,VEN,2007,8.57
Venezuela,VEN,2008,7.92
Venezuela,VEN,2009,8.12
Venezuela,VEN,2010,7.28
Vietnam,VNM,2000,3.37
Vietnam,VNM,2001,3.65
Vietnam,VNM,2002,3.65
Vietnam,VNM,2003,4.04
Vietnam,VNM,2004,4.18
Vietnam,VNM,2005,4.78
Vietnam,VNM,2006,5.1
Vietnam,VNM,2007,5.42
Vietnam,VNM,2008,5.9
Vietnam,VNM,2009,6.63
Vietnam,VNM,2010,7.05
Western Africa,,2000,1.76
Western Africa,,2001,1.92
Western Africa,,2002,1.87
Western Africa,,2003,2.09
Western Africa,,2004,2
Western Africa,,2005,2.13
Western Africa,,2006,2.24
Western Africa,,2007,2.34
Western Africa,,2008,2.3
Western Africa,,2009,2.21
Western Africa,,2010,2.31
Western Asia,,2000,8.46
Western Asia,,2001,7.63
Western Asia,,2002,7.72
Western Asia,,2003,7.8
Western Asia,,2004,8.5
Western Asia,,2005,9.1
Western Asia,,2006,9.55
Western Asia,,2007,10.23
Western Asia,,2008,10.36
Western Asia,,2009,9.68
Western Asia,,2010,10.23
Western Europe,,2000,22.02
Western Europe,,2001,21.44
Western Europe,,2002,21.68
Western Europe,,2003,22.03
Western Europe,,2004,22.72
Western Europe,,2005,22.84
Western Europe,,2006,22.76
Western Europe,,2007,23.52
Western Europe,,2008,23.31
Western Europe,,2009,22.66
Western Europe,,2010,21.61
World,OWID_WRL,2000,8
World,OWID_WRL,2001,8.04
World,OWID_WRL,2002,8.1
World,OWID_WRL,2003,8.42
World,OWID_WRL,2004,8.77
World,OWID_WRL,2005,9.1
World,OWID_WRL,2006,9.42
World,OWID_WRL,2007,9.8
World,OWID_WRL,2008,9.78
World,OWID_WRL,2009,9.69
World,OWID_WRL,2010,10.1
Yemen,YEM,2000,1.05
Yemen,YEM,2001,1.27
Yemen,YEM,2002,1.22
Yemen,YEM,2003,1.3
Yemen,YEM,2004,1.26
Yemen,YEM,2005,1.27
Yemen,YEM,2006,1.29
Yemen,YEM,2007,1.44
Yemen,YEM,2008,1.4
Yemen,YEM,2009,1.42
Yemen,YEM,2010,1.52
Zambia,ZMB,2000,2.34
Zambia,ZMB,2001,2.51
Zambia,ZMB,2002,2.51
Zambia,ZMB,2003,3
Zambia,ZMB,2004,3.07
Zambia,ZMB,2005,3.36
Zambia,ZMB,2006,3.51
Zambia,ZMB,2007,3.04
Zambia,ZMB,2008,3.2
Zambia,ZMB,2009,3.39
Zambia,ZMB,2010,3.23
Zimbabwe,ZWE,2000,1.37
Zimbabwe,ZWE,2001,1.26
Zimbabwe,ZWE,2002,1.11
Zimbabwe,ZWE,2003,1.11
Zimbabwe,ZWE,2004,1.08
Zimbabwe,ZWE,2005,1.04
Zimbabwe,ZWE,2006,1.01
Zimbabwe,ZWE,2007,0.92
Zimbabwe,ZWE,2008,0.73
Zimbabwe,ZWE,2009,0.84
Zimbabwe,ZWE,2010,1.06